{"count":1,"self":2639.3935871999997,"total":2650.2706804,"children":{"InitializeActuators":{"count":1,"self":0.0010008999999999999,"total":0.0010008999999999999,"children":null},"InitializeSensors":{"count":1,"self":0.0020017,"total":0.0020017,"children":null},"AgentSendState":{"count":132249,"self":0.37280199999999997,"total":0.5969713,"children":{"CollectObservations":{"count":26450,"self":0.0692773,"total":0.0692773,"children":null},"WriteActionMask":{"count":26450,"self":0.047235099999999995,"total":0.047235099999999995,"children":null},"RequestDecision":{"count":26450,"self":0.1076569,"total":0.1076569,"children":null}}},"DecideAction":{"count":132249,"self":9.4740624,"total":9.4740623,"children":null},"AgentAct":{"count":132249,"self":0.80310189999999992,"total":0.80310189999999992,"children":null}},"gauges":{"Lava.CumulativeReward":{"count":700,"max":6.174006,"min":-2.32401514,"runningAverage":5.17921352,"value":6.132009,"weightedAverage":4.279604}},"metadata":{"timer_format_version":"0.1.0","start_time_seconds":"1747458569","unity_version":"6000.0.37f1","command_line_arguments":"Z:\\Unity\\Editor\\6000.0.37f1\\Editor\\Unity.exe -projectpath Z:\\Unity\\ML-Agents -useHub -hubIPC -cloudEnvironment production","communication_protocol_version":"1.5.0","com.unity.ml-agents_version":"3.0.0","scene_name":"LavaScene","end_time_seconds":"1747461219"}}