{"count":1,"self":270.7659264,"total":1287.9583894,"children":{"InitializeActuators":{"count":3,"self":0.0010019999999999999,"total":0.0010019999999999999,"children":null},"InitializeSensors":{"count":3,"self":0.0020020999999999997,"total":0.0020020999999999997,"children":null},"AgentSendState":{"count":833367,"self":2.3522027999999997,"total":7.4974824999999994,"children":{"CollectObservations":{"count":500022,"self":0.84736139999999993,"total":0.84736139999999993,"children":null},"WriteActionMask":{"count":500022,"self":0.2977391,"total":0.2977391,"children":null},"RequestDecision":{"count":500022,"self":1.105175,"total":4.0001790999999995,"children":{"AgentInfo.ToProto":{"count":500022,"self":1.1043389,"total":2.8950041,"children":{"GenerateSensorData":{"count":500022,"self":1.7906651999999998,"total":1.7906651999999998,"children":null}}}}}}},"DecideAction":{"count":833367,"self":1007.8716928,"total":1007.871669,"children":null},"AgentAct":{"count":833367,"self":1.7244042,"total":1.7329309,"children":{"AgentInfo.ToProto":{"count":1666,"self":0.0035076,"total":0.0085267,"children":{"GenerateSensorData":{"count":1666,"self":0.0050190999999999994,"total":0.0050190999999999994,"children":null}}}}},"AgentInfo.ToProto":{"count":7859,"self":0.028216699999999997,"total":0.0863678,"children":{"GenerateSensorData":{"count":7859,"self":0.0581511,"total":0.0581511,"children":null}}}},"gauges":{"Lava.CumulativeReward":{"count":9525,"max":6.10601044,"min":-2.336016,"runningAverage":-1.62905872,"value":-2.07600379,"weightedAverage":-1.93623424}},"metadata":{"timer_format_version":"0.1.0","start_time_seconds":"1747292523","unity_version":"6000.0.37f1","command_line_arguments":"Z:\\Unity\\Editor\\6000.0.37f1\\Editor\\Unity.exe -projectpath Z:\\Unity\\ML-Agents -useHub -hubIPC -cloudEnvironment production","communication_protocol_version":"1.5.0","com.unity.ml-agents_version":"3.0.0","scene_name":"LavaScene","end_time_seconds":"1747293811"}}