{
    "name": "root",
    "gauges": {
        "MyBehavior.Policy.Entropy.mean": {
            "value": 1.3989301919937134,
            "min": 1.3989301919937134,
            "max": 1.4134736061096191,
            "count": 2
        },
        "MyBehavior.Policy.Entropy.sum": {
            "value": 69498.8515625,
            "min": 69498.8515625,
            "max": 71352.1484375,
            "count": 2
        },
        "MyBehavior.Environment.EpisodeLength.mean": {
            "value": 22.246046511627906,
            "min": 22.246046511627906,
            "max": 81.41350906095552,
            "count": 2
        },
        "MyBehavior.Environment.EpisodeLength.sum": {
            "value": 47829.0,
            "min": 47829.0,
            "max": 49418.0,
            "count": 2
        },
        "MyBehavior.Step.mean": {
            "value": 99988.0,
            "min": 49990.0,
            "max": 99988.0,
            "count": 2
        },
        "MyBehavior.Step.sum": {
            "value": 99988.0,
            "min": 49990.0,
            "max": 99988.0,
            "count": 2
        },
        "MyBehavior.Policy.ExtrinsicValueEstimate.mean": {
            "value": 0.8405159711837769,
            "min": 0.4508703947067261,
            "max": 0.8405159711837769,
            "count": 2
        },
        "MyBehavior.Policy.ExtrinsicValueEstimate.sum": {
            "value": 1818.0360107421875,
            "min": 486.4891662597656,
            "max": 1818.0360107421875,
            "count": 2
        },
        "MyBehavior.Environment.CumulativeReward.mean": {
            "value": 0.9925581395348837,
            "min": 0.8118811881188119,
            "max": 0.9925581395348837,
            "count": 2
        },
        "MyBehavior.Environment.CumulativeReward.sum": {
            "value": 2134.0,
            "min": 492.0,
            "max": 2134.0,
            "count": 2
        },
        "MyBehavior.Policy.ExtrinsicReward.mean": {
            "value": 0.9925581395348837,
            "min": 0.8118811881188119,
            "max": 0.9925581395348837,
            "count": 2
        },
        "MyBehavior.Policy.ExtrinsicReward.sum": {
            "value": 2134.0,
            "min": 492.0,
            "max": 2134.0,
            "count": 2
        },
        "MyBehavior.Losses.PolicyLoss.mean": {
            "value": 0.023381616050998366,
            "min": 0.023381616050998366,
            "max": 0.025251295402025184,
            "count": 2
        },
        "MyBehavior.Losses.PolicyLoss.sum": {
            "value": 0.11690808025499183,
            "min": 0.10100518160810074,
            "max": 0.11690808025499183,
            "count": 2
        },
        "MyBehavior.Losses.ValueLoss.mean": {
            "value": 0.004858240805721531,
            "min": 0.004858240805721531,
            "max": 0.012534706092750033,
            "count": 2
        },
        "MyBehavior.Losses.ValueLoss.sum": {
            "value": 0.024291204028607655,
            "min": 0.024291204028607655,
            "max": 0.05013882437100013,
            "count": 2
        },
        "MyBehavior.Policy.LearningRate.mean": {
            "value": 0.00025673749442084,
            "min": 0.00025673749442084,
            "max": 0.0002844723051759,
            "count": 2
        },
        "MyBehavior.Policy.LearningRate.sum": {
            "value": 0.0012836874721041999,
            "min": 0.0011378892207036,
            "max": 0.0012836874721041999,
            "count": 2
        },
        "MyBehavior.Policy.Epsilon.mean": {
            "value": 0.18557915999999997,
            "min": 0.18557915999999997,
            "max": 0.19482410000000006,
            "count": 2
        },
        "MyBehavior.Policy.Epsilon.sum": {
            "value": 0.9278957999999998,
            "min": 0.7792964000000002,
            "max": 0.9278957999999998,
            "count": 2
        },
        "MyBehavior.Policy.Beta.mean": {
            "value": 0.004280400084,
            "min": 0.004280400084,
            "max": 0.00474172259,
            "count": 2
        },
        "MyBehavior.Policy.Beta.sum": {
            "value": 0.021402000419999997,
            "min": 0.01896689036,
            "max": 0.021402000419999997,
            "count": 2
        },
        "MyBehavior.IsTraining.mean": {
            "value": 1.0,
            "min": 1.0,
            "max": 1.0,
            "count": 2
        },
        "MyBehavior.IsTraining.sum": {
            "value": 1.0,
            "min": 1.0,
            "max": 1.0,
            "count": 2
        }
    },
    "metadata": {
        "timer_format_version": "0.1.0",
        "start_time_seconds": "1746503615",
        "python_version": "3.9.13 (tags/v3.9.13:6de2ca5, May 17 2022, 16:36:42) [MSC v.1929 64 bit (AMD64)]",
        "command_line_arguments": "Z:\\Unity\\ML-Agents\\venv\\Scripts\\mlagents-learn --run-id=MoveToGoal",
        "mlagents_version": "0.30.0",
        "mlagents_envs_version": "0.30.0",
        "communication_protocol_version": "1.5.0",
        "pytorch_version": "2.2.2+cu121",
        "numpy_version": "1.21.2",
        "end_time_seconds": "1746503698"
    },
    "total": 83.5374196,
    "count": 1,
    "self": 0.005956200000014178,
    "children": {
        "run_training.setup": {
            "total": 0.041538500000000145,
            "count": 1,
            "self": 0.041538500000000145
        },
        "TrainerController.start_learning": {
            "total": 83.48992489999999,
            "count": 1,
            "self": 0.1273503000003302,
            "children": {
                "TrainerController._reset_env": {
                    "total": 10.130721399999999,
                    "count": 1,
                    "self": 10.130721399999999
                },
                "TrainerController.advance": {
                    "total": 73.10487919999966,
                    "count": 7523,
                    "self": 0.10341550000089228,
                    "children": {
                        "env_step": {
                            "total": 43.005622699999165,
                            "count": 7523,
                            "self": 32.02420349999987,
                            "children": {
                                "SubprocessEnvManager._take_step": {
                                    "total": 10.901242899999772,
                                    "count": 7523,
                                    "self": 0.3221329999995639,
                                    "children": {
                                        "TorchPolicy.evaluate": {
                                            "total": 10.579109900000208,
                                            "count": 5292,
                                            "self": 10.579109900000208
                                        }
                                    }
                                },
                                "workers": {
                                    "total": 0.08017629999952547,
                                    "count": 7522,
                                    "self": 0.0,
                                    "children": {
                                        "worker_root": {
                                            "total": 74.23890520000002,
                                            "count": 7522,
                                            "is_parallel": true,
                                            "self": 49.907479200000054,
                                            "children": {
                                                "steps_from_proto": {
                                                    "total": 0.0004320999999993802,
                                                    "count": 1,
                                                    "is_parallel": true,
                                                    "self": 0.00011820000000106745,