{
    "name": "root",
    "gauges": {
        "Lava.Policy.Entropy.mean": {
            "value": 1.9855866432189941,
            "min": 1.9855866432189941,
            "max": 2.0917563438415527,
            "count": 10
        },
        "Lava.Policy.Entropy.sum": {
            "value": 99174.09375,
            "min": 99174.09375,
            "max": 104558.53125,
            "count": 10
        },
        "Lava.Environment.EpisodeLength.mean": {
            "value": 53.71899012074643,
            "min": 49.33097880928355,
            "max": 54.21705426356589,
            "count": 10
        },
        "Lava.Environment.EpisodeLength.sum": {
            "value": 48938.0,
            "min": 48887.0,
            "max": 49371.0,
            "count": 10
        },
        "Lava.Step.mean": {
            "value": 999993.0,
            "min": 549977.0,
            "max": 999993.0,
            "count": 10
        },
        "Lava.Step.sum": {
            "value": 999993.0,
            "min": 549977.0,
            "max": 999993.0,
            "count": 10
        },
        "Lava.Policy.ExtrinsicValueEstimate.mean": {
            "value": -0.6178373694419861,
            "min": -0.7235920429229736,
            "max": -0.6178373694419861,
            "count": 10
        },
        "Lava.Policy.ExtrinsicValueEstimate.sum": {
            "value": -874.8577270507812,
            "min": -1077.4285888671875,
            "max": -874.8577270507812,
            "count": 10
        },
        "Lava.Environment.CumulativeReward.mean": {
            "value": -0.9164160450370461,
            "min": -1.0099057736431116,
            "max": -0.9045464298589635,
            "count": 10
        },
        "Lava.Environment.CumulativeReward.sum": {
            "value": -834.855017028749,
            "min": -970.3950097858906,
            "max": -820.140012525022,
            "count": 10
        },
        "Lava.Policy.ExtrinsicReward.mean": {
            "value": -0.9164160450370461,
            "min": -1.0099057736431116,
            "max": -0.9045464298589635,
            "count": 10
        },
        "Lava.Policy.ExtrinsicReward.sum": {
            "value": -834.855017028749,
            "min": -970.3950097858906,
            "max": -820.140012525022,
            "count": 10
        },
        "Lava.Losses.PolicyLoss.mean": {
            "value": 0.02164866037472772,
            "min": 0.02164866037472772,
            "max": 0.026050534204720557,
            "count": 10
        },
        "Lava.Losses.PolicyLoss.sum": {
            "value": 0.1082433018736386,
            "min": 0.0928424809516097,
            "max": 0.13001225208839362,
            "count": 10
        },
        "Lava.Losses.ValueLoss.mean": {
            "value": 0.0954864719013373,
            "min": 0.033565179109573365,
            "max": 0.0954864719013373,
            "count": 10
        },
        "Lava.Losses.ValueLoss.sum": {
            "value": 0.4774323595066865,
            "min": 0.16645979496339958,
            "max": 0.4774323595066865,
            "count": 10
        },
        "Lava.Policy.LearningRate.mean": {
            "value": 7.990897336400006e-06,
            "min": 7.990897336400006e-06,
            "max": 0.00014228330257225,
            "count": 10
        },
        "Lava.Policy.LearningRate.sum": {
            "value": 3.995448668200003e-05,
            "min": 3.995448668200003e-05,
            "max": 0.0006419789860070999,
            "count": 10
        },
        "Lava.Policy.Epsilon.mean": {
            "value": 0.10266360000000001,
            "min": 0.10266360000000001,
            "max": 0.14742775000000002,
            "count": 10
        },
        "Lava.Policy.Epsilon.sum": {
            "value": 0.513318,
            "min": 0.4497956000000001,
            "max": 0.7139929,
            "count": 10
        },
        "Lava.Policy.Beta.mean": {
            "value": 0.00014291364000000006,
            "min": 0.00014291364000000006,
            "max": 0.002376644725,
            "count": 10
        },
        "Lava.Policy.Beta.sum": {
            "value": 0.0007145682000000003,
            "min": 0.0007145682000000003,
            "max": 0.01072824571,
            "count": 10
        },
        "Lava.IsTraining.mean": {
            "value": 1.0,
            "min": 1.0,
            "max": 1.0,
            "count": 10
        },
        "Lava.IsTraining.sum": {
            "value": 1.0,
            "min": 1.0,
            "max": 1.0,
            "count": 10
        }
    },
    "metadata": {
        "timer_format_version": "0.1.0",
        "start_time_seconds": "1747292510",
        "python_version": "3.9.13 (tags/v3.9.13:6de2ca5, May 17 2022, 16:36:42) [MSC v.1929 64 bit (AMD64)]",
        "command_line_arguments": "Z:\\Unity\\ML-Agents\\venv\\Scripts\\mlagents-learn results\\LavaTest\\configuration.yaml --run-id=LavaTest --resume",
        "mlagents_version": "0.30.0",
        "mlagents_envs_version": "0.30.0",
        "communication_protocol_version": "1.5.0",
        "pytorch_version": "2.2.2+cu121",
        "numpy_version": "1.21.2",
        "end_time_seconds": "1747293811"
    },
    "total": 1301.3892422,
    "count": 1,
    "self": 0.008286600000019462,
    "children": {
        "run_training.setup": {
            "total": 0.12578120000000004,
            "count": 1,
            "self": 0.12578120000000004
        },
        "TrainerController.start_learning": {
            "total": 1301.2551744,
            "count": 1,
            "self": 2.548761399966452,
            "children": {
                "TrainerController._reset_env": {
                    "total": 15.338223600000001,
                    "count": 1,
                    "self": 15.338223600000001
                },
                "TrainerController.advance": {
                    "total": 1283.2996241000335,
                    "count": 173768,
                    "self": 2.201429100044834,
                    "children": {
                        "env_step": {
                            "total": 1144.436316399987,
                            "count": 173768,
                            "self": 608.8460330999744,
                            "children": {
                                "SubprocessEnvManager._take_step": {
                                    "total": 533.8676399000176,
                                    "count": 173768,
                                    "self": 6.9487186000185375,
                                    "children": {
                                        "TorchPolicy.evaluate": {
                                            "total": 526.918921299999,
                                            "count": 166672,
                                            "self": 526.918921299999
                                        }
                                    }
                                },
                                "workers": {
                                    "total": 1.7226433999949222,
                                    "count": 173768,
                                    "self": 0.0,
                                    "children": {
                                        "worker_root": {
                                            "total": 1283.690315500003,
                                            "count": 173768,
                                            "is_parallel": true,
                                            "self": 798.2781878999672,
                                            "children": {
                                                "steps_from_proto": {
                                                    "total": 0.0004019999999993473,
                                                    "count": 1,
                                                    "is_parallel": true,
                                                    "self": 0.00023769999999956326,